/*
Navicat MySQL Data Transfer

Source Server         : SQL
Source Server Version : 50617
Source Host           : localhost:3306
Source Database       : quanlymayanh

Target Server Type    : MYSQL
Target Server Version : 50617
File Encoding         : 65001

Date: 2017-12-15 23:39:51
*/

SET FOREIGN_KEY_CHECKS=0;

-- ----------------------------
-- Table structure for ct_donhang
-- ----------------------------
DROP TABLE IF EXISTS `ct_donhang`;
CREATE TABLE `ct_donhang` (
  `MaCT` int(11) NOT NULL AUTO_INCREMENT,
  `MaSP` int(11) DEFAULT NULL,
  `MaDH` int(11) DEFAULT NULL,
  `Soluong` int(11) DEFAULT NULL,
  `GiaSP` int(11) DEFAULT NULL,
  `ThanhTien` int(11) DEFAULT NULL,
  PRIMARY KEY (`MaCT`),
  UNIQUE KEY `pk_ctdonhang` (`MaCT`) USING BTREE,
  KEY `fk_ctdh_sanpham` (`MaSP`),
  KEY `fk_ctdh_donhang` (`MaDH`),
  CONSTRAINT `fk_ctdh_donhang` FOREIGN KEY (`MaDH`) REFERENCES `donhang` (`MaDH`) ON DELETE CASCADE ON UPDATE NO ACTION,
  CONSTRAINT `fk_ctdh_sanpham` FOREIGN KEY (`MaSP`) REFERENCES `sanpham` (`MaSP`) ON DELETE CASCADE ON UPDATE NO ACTION
) ENGINE=InnoDB AUTO_INCREMENT=23 DEFAULT CHARSET=utf8 COLLATE=utf8_unicode_ci;

-- ----------------------------
-- Records of ct_donhang
-- ----------------------------
INSERT INTO `ct_donhang` VALUES ('4', '18', '4', '1', '14000000', '14000000');
INSERT INTO `ct_donhang` VALUES ('5', '22', '4', '1', '21990000', '21990000');
INSERT INTO `ct_donhang` VALUES ('6', '26', '4', '1', '8800000', '8800000');
INSERT INTO `ct_donhang` VALUES ('7', '18', '5', '1', '14000000', '14000000');
INSERT INTO `ct_donhang` VALUES ('8', '22', '5', '2', '21990000', '43980000');
INSERT INTO `ct_donhang` VALUES ('9', '26', '5', '1', '8800000', '8800000');
INSERT INTO `ct_donhang` VALUES ('10', '1', '6', '1', '11490000', '11490000');
INSERT INTO `ct_donhang` VALUES ('11', '6', '6', '3', '2550000', '7650000');
INSERT INTO `ct_donhang` VALUES ('12', '10', '6', '1', '8790000', '8790000');
INSERT INTO `ct_donhang` VALUES ('13', '53', '7', '10', '74900000', '749000000');
INSERT INTO `ct_donhang` VALUES ('14', '20', '8', '2', '15900000', '31800000');
INSERT INTO `ct_donhang` VALUES ('15', '15', '9', '10', '1950000', '19500000');
INSERT INTO `ct_donhang` VALUES ('16', '8', '10', '3', '6639000', '19917000');
INSERT INTO `ct_donhang` VALUES ('17', '14', '11', '3', '5250000', '15750000');
INSERT INTO `ct_donhang` VALUES ('18', '38', '12', '3', '20990000', '62970000');
INSERT INTO `ct_donhang` VALUES ('19', '47', '12', '2', '27900000', '55800000');
INSERT INTO `ct_donhang` VALUES ('20', '36', '12', '5', '14800000', '74000000');
INSERT INTO `ct_donhang` VALUES ('21', '10', '13', '1', '8790000', '8790000');
INSERT INTO `ct_donhang` VALUES ('22', '47', '13', '2', '27900000', '55800000');

-- ----------------------------
-- Table structure for danhmuc
-- ----------------------------
DROP TABLE IF EXISTS `danhmuc`;
CREATE TABLE `danhmuc` (
  `MaLoai` int(11) NOT NULL AUTO_INCREMENT,
  `TenLoai` varchar(50) COLLATE utf8_unicode_ci DEFAULT NULL,
  PRIMARY KEY (`MaLoai`),
  UNIQUE KEY `pk_DanhMuc` (`MaLoai`) USING BTREE
) ENGINE=InnoDB AUTO_INCREMENT=6 DEFAULT CHARSET=utf8 COLLATE=utf8_unicode_ci;

-- ----------------------------
-- Records of danhmuc
-- ----------------------------
INSERT INTO `danhmuc` VALUES ('1', 'Compact');
INSERT INTO `danhmuc` VALUES ('2', 'Bridge');
INSERT INTO `danhmuc` VALUES ('3', 'Mirroless');
INSERT INTO `danhmuc` VALUES ('4', 'DSLR');
INSERT INTO `danhmuc` VALUES ('5', 'Khác');

-- ----------------------------
-- Table structure for donhang
-- ----------------------------
DROP TABLE IF EXISTS `donhang`;
CREATE TABLE `donhang` (
  `MaDH` int(11) NOT NULL AUTO_INCREMENT,
  `NgayLap` datetime DEFAULT NULL,
  `MaKH` int(11) DEFAULT NULL,
  `TongTien` int(11) DEFAULT NULL,
  `TrangThai` varchar(50) COLLATE utf8_unicode_ci DEFAULT NULL,
  PRIMARY KEY (`MaDH`),
  UNIQUE KEY `pk_donhang` (`MaDH`) USING BTREE,
  KEY `fk_donhang_khachhang` (`MaKH`),
  CONSTRAINT `fk_donhang_khachhang` FOREIGN KEY (`MaKH`) REFERENCES `khachhang` (`MaKH`) ON DELETE CASCADE ON UPDATE NO ACTION
) ENGINE=InnoDB AUTO_INCREMENT=14 DEFAULT CHARSET=utf8 COLLATE=utf8_unicode_ci;

-- ----------------------------
-- Records of donhang
-- ----------------------------
INSERT INTO `donhang` VALUES ('4', '2017-12-08 20:56:25', '16', '44790000', 'đã giao');
INSERT INTO `donhang` VALUES ('5', '2017-12-08 20:57:26', '16', '66780000', 'chưa giao');
INSERT INTO `donhang` VALUES ('6', '2017-12-08 21:15:06', '16', '27930000', 'chưa giao');
INSERT INTO `donhang` VALUES ('7', '2017-12-11 15:26:45', '13', '823900000', 'đang giao');
INSERT INTO `donhang` VALUES ('8', '2017-12-11 15:28:04', '13', '31800000', 'đang giao');
INSERT INTO `donhang` VALUES ('9', '2017-12-11 15:35:37', '13', '19500000', 'chưa giao');
INSERT INTO `donhang` VALUES ('10', '2017-12-11 15:37:12', '13', '19917000', 'đã giao');
INSERT INTO `donhang` VALUES ('11', '2017-12-11 16:54:09', '16', '15750000', 'chưa giao');
INSERT INTO `donhang` VALUES ('12', '2017-12-14 16:43:58', '14', '192770000', 'chưa giao');
INSERT INTO `donhang` VALUES ('13', '2017-12-15 12:10:04', '16', '64590000', 'đã giao');

-- ----------------------------
-- Table structure for khachhang
-- ----------------------------
DROP TABLE IF EXISTS `khachhang`;
CREATE TABLE `khachhang` (
  `MaKH` int(11) NOT NULL AUTO_INCREMENT,
  `TaiKhoan` varchar(50) COLLATE utf8_unicode_ci DEFAULT NULL,
  `MatKhau` varchar(255) COLLATE utf8_unicode_ci DEFAULT NULL,
  `TenKH` varchar(100) COLLATE utf8_unicode_ci DEFAULT NULL,
  `Email` varchar(50) COLLATE utf8_unicode_ci DEFAULT NULL,
  `SDT` char(11) COLLATE utf8_unicode_ci DEFAULT NULL,
  `NgaySinh` date DEFAULT NULL,
  `DacQuyen` int(11) DEFAULT NULL,
  `DiaChi` varchar(500) COLLATE utf8_unicode_ci DEFAULT NULL,
  PRIMARY KEY (`MaKH`),
  UNIQUE KEY `pk_khachhang` (`MaKH`) USING BTREE
) ENGINE=InnoDB AUTO_INCREMENT=17 DEFAULT CHARSET=utf8 COLLATE=utf8_unicode_ci;

-- ----------------------------
-- Records of khachhang
-- ----------------------------
INSERT INTO `khachhang` VALUES ('1', 'nhom25', '202cb962ac59075b964b07152d234b70', 'Quản trị viên', 'quantrivien@gmail.com', '0123456789', '1997-01-01', '1', 'Việt Nam');
INSERT INTO `khachhang` VALUES ('12', 'nlcthong', 'e10adc3949ba59abbe56e057f20f883e', 'Nhóm 25 LTW', 'nhom25@gmail.com', '06501234567', '2017-02-10', '0', '');
INSERT INTO `khachhang` VALUES ('13', 'Ronaldo', 'e10adc3949ba59abbe56e057f20f883e', 'Best player', 'ronaldo@gmail.com', '1693438271', '1986-12-19', '0', 'Bồ đào nha');
INSERT INTO `khachhang` VALUES ('14', 'baochau', 'e10adc3949ba59abbe56e057f20f883e', 'B.Châu', 'Bchau@gmail.com', '6501234567', '1999-04-14', '0', 'Bình Dương');
INSERT INTO `khachhang` VALUES ('15', 'LTW_nhom25', 'e10adc3949ba59abbe56e057f20f883e', 'Admin', 'nhom25@gmail.com', '0123456789', '1997-12-31', '0', '227 NVC ĐH khoa học tự nhiên');
INSERT INTO `khachhang` VALUES ('16', 'nlcthong123', 'e10adc3949ba59abbe56e057f20f883e', 'NLCT', 'nhom25@gmail.com', '0123456777', '1999-01-01', '0', '227 NVC');

-- ----------------------------
-- Table structure for nsx
-- ----------------------------
DROP TABLE IF EXISTS `nsx`;
CREATE TABLE `nsx` (
  `MaNSX` int(11) NOT NULL AUTO_INCREMENT,
  `TenNSX` varchar(50) COLLATE utf8_unicode_ci DEFAULT NULL,
  PRIMARY KEY (`MaNSX`),
  UNIQUE KEY `pk_NSX` (`MaNSX`) USING BTREE
) ENGINE=InnoDB AUTO_INCREMENT=7 DEFAULT CHARSET=utf8 COLLATE=utf8_unicode_ci;

-- ----------------------------
-- Records of nsx
-- ----------------------------
INSERT INTO `nsx` VALUES ('1', 'Canon');
INSERT INTO `nsx` VALUES ('2', 'Sony');
INSERT INTO `nsx` VALUES ('3', 'Nikon');
INSERT INTO `nsx` VALUES ('4', 'Fujifilm');
INSERT INTO `nsx` VALUES ('5', 'Panasonic');
INSERT INTO `nsx` VALUES ('6', 'Khác');

-- ----------------------------
-- Table structure for sanpham
-- ----------------------------
DROP TABLE IF EXISTS `sanpham`;
CREATE TABLE `sanpham` (
  `MaSP` int(11) NOT NULL AUTO_INCREMENT,
  `MaLoai` int(11) DEFAULT NULL,
  `MaNSX` int(11) DEFAULT NULL,
  `TenSP` varchar(100) COLLATE utf8_unicode_ci DEFAULT NULL,
  `DanhGia` varchar(300) COLLATE utf8_unicode_ci DEFAULT NULL,
  `ChiTiet` text COLLATE utf8_unicode_ci,
  `Gia` int(11) DEFAULT NULL,
  `SoLuong` int(11) DEFAULT NULL,
  `LuotXem` int(11) DEFAULT NULL,
  `NgayNhap` datetime DEFAULT NULL,
  `SoLuongDaBan` int(11) DEFAULT NULL,
  PRIMARY KEY (`MaSP`),
  UNIQUE KEY `pk_SanPham` (`MaSP`) USING BTREE,
  KEY `fk_SanPham_DanhMuc` (`MaLoai`),
  KEY `fk_SanPham_NSX` (`MaNSX`),
  CONSTRAINT `fk_SanPham_DanhMuc` FOREIGN KEY (`MaLoai`) REFERENCES `danhmuc` (`MaLoai`) ON DELETE CASCADE ON UPDATE NO ACTION,
  CONSTRAINT `fk_SanPham_NSX` FOREIGN KEY (`MaNSX`) REFERENCES `nsx` (`MaNSX`) ON DELETE CASCADE ON UPDATE NO ACTION
) ENGINE=InnoDB AUTO_INCREMENT=60 DEFAULT CHARSET=utf8 COLLATE=utf8_unicode_ci;

-- ----------------------------
-- Records of sanpham
-- ----------------------------
INSERT INTO `sanpham` VALUES ('1', '1', '1', 'Canon PowerShot G9X Mark II', 'Màn hình 3 inch cảm ứng, trọng lượng 206g, quay phim Full HD', '<ul style=\"list-style: none;\"> <li>- Bộ cảm biến CMOS 20.1 megapixels loại 1.0 inch </li>\r\n<li>- Bộ xử lý hình ảnh Digic 7 </li>\r\n<li>- Màn hình 3.0 inch cảm ứng </li>\r\n<li>- Độ dài tiêu cự 28-84mm f/2.0-4.9 </li>\r\n<li>- Độ nhạy sáng ISO 125-12800 </li>\r\n<li>- Tốc độ màn chập 1-30 / 2000 giây </li>\r\n<li>- Tốc độ chụp 8.1 ảnh/giây </li>\r\n<li>- Quay phim Full HD 1920 x 1080 / 1280 x 720 / 640 x 480 </li>\r\n<li>- Vòng Điều khiển, Sạc bằng USB </li>\r\n<li>- Kết nối Wi-Fi / NFC/ Bluetooth </li>\r\n<li>- Pin tương thích NB-13L </li>\r\n<li>- Trọng lượng 206g </li>\r\n<li>- Phụ kiện máy ảnh đi kèm: Pin, Sạc pin, Dây đeo, Cataloge, Phiếu bảo hành </li></ul>', '11490000', '18', '5', null, '1');
INSERT INTO `sanpham` VALUES ('2', '1', '1', 'Canon IXUS 185', 'Màn hình 2.7 inch, cảm biến CCD 20 megapixel, bộ xử lý hình ảnh Digic 4', '<ul><li>-Cảm biến CCD 20 megapixel </li>\r\n<li>- Bộ xử lý hình ảnh Digic 4+ </li>\r\n<li>- Màn hình 2.7inch </li>\r\n<li>- Zoom quang học 8x (28 - 224mm) với ZoomPlus 16x </li>\r\n<li>- Độ nhạy sáng ISO 100-800 </li>\r\n<li>- Tốc độ màn chập 15 - 1/2000 giây </li>\r\n<li>- Tốc độ chụp 0,8 ảnh/giây (ở chế độ Auto, chế độ P) </li>\r\n<li>- Quay phim HD </li>\r\n<li>- Pin tương thích NB-11LH</li>\r\n<li>- Trọng lượng 111g </li>\r\n<li>- Phụ kiện máy ảnh đi kèm: Pin, Sạc pin, Dây đeo, Cataloge </li></ul>', '2850000', '40', '3', null, null);
INSERT INTO `sanpham` VALUES ('3', '1', '1', 'Canon PowerShot SX610 HS', 'Cảm biến CMOS 20.2 megapixel, Zoom quang học 18x, Khẩu độ f/3.8 - f/6.9', '<ul><li>Cảm biến CMOS 20.2 megapixel</li>\r\n<li>Zoom quang học 18x</li>\r\n<li>Dải tiêu cự 4,5 (W) – 81,0 (T) mm tương đương phim 35mm: 25 (W) - 450 (T) mm)</li>\r\n<li>Khẩu độ f/3.8 - f/6.9</li>\r\n<li>Quay phim Full HD 30fps</li>\r\n<li>Kết nối  Wifi, NFC</li>\r\n<li>Số lượng ảnh chụp Xấp xỉ 270 ảnh</li>\r\n<li>Thời gian quay phim Xấp xỉ 1 giờ</li>\r\n<li>Kích thước 105,3 x 61,0 x 26,7mm</li>\r\n<li>Trọng lượng 191g (bao gồm pin và thẻ nhớ)</li></ul>', '5490000', '20', '6', null, null);
INSERT INTO `sanpham` VALUES ('4', '1', '1', 'Canon IXUS 160', 'Màn hình LCD 2.7 inch, Số điểm ảnh 20 megapixel, Zoom 8x', '<ul><li>Độ lớn màn hình LCD (inch): 2.7 inch</li>\r\n<li>Megapixel (Số điểm ảnh hiệu dụng): 20 Megapixel</li>\r\n<li>Độ phân giải ảnh lớn nhất: 5152 x 3864</li>\r\n<li>Optical Zoom (Zoom quang): 8x</li>\r\n<li>Digital Zoom (Zoom số): 4.0x </li>\r\n<li>Tính năng: Touchscreen, faceID, Voice Recording</li>\r\n<li>Sức mạnh bộ xử lí DIGIC 4+</li></ul>', '1800000', '30', '2', null, null);
INSERT INTO `sanpham` VALUES ('5', '1', '2', 'SONY DSC WX220', 'Màn hình 2.7 inch, Độ phân giải 18.2 megapixel, Chống rung quang học', '<ul><li>Cảm biến Exmor R® CMOS loại 1/2.3 (7,82mm)</li>\r\n<li>- Độ phân giải 18.2 megapixel</li>\r\n<li>- Ống kính G Sony zoom quang học 10x </li>\r\n<li>- Chống rung quang học</li>\r\n<li>- Màn hình 2.7inch</li>\r\n<li>- Tốc độ màn trập 30 - 1/2000</li>\r\n<li>- Độ nhạy sáng ISO 80-12800</li>\r\n<li>- Quay phim full HD </li>\r\n<li>- Kết nối NFC , Wi-Fi</li>\r\n<li>- Pin tương thích NP-BN1</li></ul>', '3600000', '26', '4', '2017-05-02 19:04:08', null);
INSERT INTO `sanpham` VALUES ('6', '1', '2', 'SONY CYBERSHOT DSC W830', 'Màn hình 2.3  inch, Zoom quang hoc 8x', '<ul><li>-Cảm biến hình ảnh CCD 1/ 2.3 inch </li>\r\n<li>- Độ phân giải : 20.1 Megapixel</li>\r\n<li>- Zoom quang học 8x</li>\r\n<li>- Chống rung quang học</li>\r\n<li>- Màn hình 2.7inch</li>\r\n<li>- Độ nhạy sáng ISO 100-3200</li>\r\n<li>- Tốc độ màn chập 2 - 1/1500</li>\r\n<li>- Quay phim HD</li>\r\n<li>- Chụp Panorama 360 độ</li>\r\n<li>- Pin tương thích NP-BN1</li><>/ul>', '2550000', '41', '6', null, '3');
INSERT INTO `sanpham` VALUES ('7', '1', '2', 'SONY CYBERSHOT DSC-HX90V', 'Màn hình 3 inch lật 180 độ, Zoom quang 30x, Độ phân giải 18.2 megapixel', '<ul><li>- Cảm biến Exmor R CMOS loại 1/2.3</li>\r\n<li>- Độ phân giải 18.2 megapixel</li>\r\n<li>- Bộ xử lý hình ảnh BIONZ X</li>\r\n<li>- Zoom quang học 30x</li>\r\n<li>- Tiêu cự 24-720mm</li>\r\n<li>- Màn hình cảm ứng 3.0inch lật 180 độ</li>\r\n<li>- Khung ngắm đện tử</li>\r\n<li>- Tốc độ màn trập 30 - 1/2000</li>\r\n<li>- Độ nhạy sáng ISO 80-3200</li>\r\n<li>- Quay phim full HD</li>\r\n<li>- Kết nối NFC , Wi-Fi , GPS</li>\r\n<li>- Pin tương thích NP-BX1</li></ul>', '8550000', '10', '5', '2017-04-17 19:04:23', null);
INSERT INTO `sanpham` VALUES ('8', '1', '2', 'SONY CYBERSHOT DSC-WX500', 'Màn hình 3 inch, tốc độ màn trập 30 - 1/2000', '<ul><li>-Cảm biến Exmor R® CMOS loại 1/2.3 (7,82mm)</li>\r\n<li>- Độ phân giải 18.2 megapixel</li>\r\n<li>- Bộ xử lý hình ảnh BIONZ X™</li>\r\n<li>- Ống kính zoom quang học 30x ZEISS® Vario-Sonnar T*</li>\r\n<li>- Tiêu cự 24-720mm</li>\r\n<li>- Màn hình 3.0inch  lật 180 độ</li>\r\n<li>- Tốc độ màn trập 30 - 1/2000</li>\r\n<li>- Độ nhạy sáng ISO 80-12800</li>\r\n<li>- Quay phim full HD (1920 x 1080) 60p/50p</li>\r\n<li>- Kết nối NFC , Wi-Fi</li>\r\n<li>- Pin tương thích NP-BX1</li></ul>', '6639000', '27', '12', null, '3');
INSERT INTO `sanpham` VALUES ('9', '1', '3', 'NIKON COOLPIX S33', '13,2 triệu điểm ảnh, Chịu Lạnh 10 độ C, Chống nước IPX8', '<ul><li>Số điểm ảnh hiệu quả 13,2 triệu</li>\r\n<li>- Cảm biến hình ảnh Loại 1/3,1 inch, CMOS</li>\r\n<li>- Tổng số điểm ảnh: khoảng 14,17 triệu</li>\r\n<li>- Thấu kính NIKKOR với thu phóng quang 3x</li>\r\n<li>- Tiêu cự 4,1–, 12,3mm</li>\r\n<li>- Pin Sạc Li-ion EN-EL19 </li>\r\n<li>- Bộ Sạc điện AC EH-71P</li>\r\n<li>- Kích thước (RxCxS) Khoảng 109,5, x67.0, x37,6mm</li>\r\n<li>- Trọng lượng Khoảng 180g (6,3 oz), (kể cả pin và thẻ nhớ)</li>\r\n<li>- Chống nước (IPX8) Khả năng chụp ảnh dưới nước ở độ sâu đến 10 m (33 ft) và trong 60 phút</li>\r\n<li>- Chống sốc 1.5m</li>\r\n<li>- Chịu lạnh -10 Độ C </li></ul>', '1350000', '60', '30', null, null);
INSERT INTO `sanpham` VALUES ('10', '1', '3', 'NIKON COOLPIX W300', 'Màn hình 3 inch, quay phim 4k, tốc độ màn trập 1/4000s', '<ul><li>- Cảm biến: BSI-CMOS 1/2.3\" độ phân giải 16 MP</li>\r\n<li>- Ống kính: Nikkor zoom quang học 5X, 4.3-21.5mm, khẩu độ f/2.8-4.9</li>\r\n<li>- Màn hình: 3\" độ phân giải 921.000 điểm ảnh</li>\r\n<li>- Tốc độ màn trập: 1/4.000 giây</li>\r\n<li>- Chụp liên tiếp: tối đa 7 fps</li>\r\n<li>- ISO: 125-6.400</li>\r\n<li>- Quay phim: 4K/30p, 4K/25p, Full HD</li>\r\n<li>- Đèn trợ sáng: flash xenon + LED</li>\r\n<li>- Chống nước độ sâu 30 mét, chống sốc 2,4 mét, hoạt động ở nhiệt độ -10oC</li>\r\n<li>- Kết nối: Wi-Fi, Bluetooth, GPS</li>\r\n<li>- Giao tiếp: USB 2.0, HDMI</li>\r\n<li>- Lưu trữ: 473 MB + thẻ nhớ SD</li>\r\n<li>- Pin: EN-EL12 (chụp 280 tấm tiêu chuẩn CIPA)</li>\r\n<li>- Kích thước: 112 x 66 x 29 mm</li>\r\n<li>- Khối lượng: 231 g</li></ul>', '8790000', '25', '15', null, '2');
INSERT INTO `sanpham` VALUES ('11', '1', '3', 'NIKON COOLPIX A300', 'Màn hình 2.7 inch, quay phim Full HD', '<ul><li>- Độ lớn màn hình LCD (inch): 2.7 inch</li>\r\n<li>- Megapixel (Số điểm ảnh hiệu dụng): 20.1Megapixels </li>\r\n<li>- Độ phân giải ảnh lớn nhất: 5152 x 3864 </li>\r\n<li>- Optical Zoom (Zoom quang): 8x</li>\r\n<li>- Digital Zoom (Zoom số): 4.0x</li>\r\n<li>- Tính năng: Wifi, Quay phim Full HD</li>\r\n<li>- Nhận dạng khuôn mặt, Voice Recording, Bluetooth</li></ul>', '2890000', '40', '5', null, null);
INSERT INTO `sanpham` VALUES ('12', '1', '3', 'NIKON COOLPIX A900', 'Màn hình 92 triệu màu, Zoom quang hoc 35x', '<ul><li>- Máy ảnh Nikon Coolpix A900</li>\r\n<li>- Cảm biến BSI CMOS 20-megapixel</li>\r\n<li>- Cảm biến hình ảnh CMOS loại 1/2,3 inch</li>\r\n<li>- Zoom quang học 35x</li>\r\n<li>- Màn hình nghiêng 3-inch,920000 màu</li>\r\n<li>- Quay phim 4K với tốc độ lên tới 30 fps.</li>\r\n<li>- Hỗ chợ chụp ảnh raw</li>\r\n<li>- Độ mở ống kính tối đa f/3,4 đến 6,9</li>\r\n<li>- Tốc độ cửa trập 1/2000 đến 1 giây, 1/2000 đến 8 giây</li>\r\n<li>- Kết nối micro usb, micro HDMI, Wifi</li>\r\n<li>- Pin tương thích EN-EL12</li></ul>', '9200000', '37', '6', '2017-05-30 19:04:34', null);
INSERT INTO `sanpham` VALUES ('13', '1', '4', 'FUJIFILM X-A3 BODY', 'Độ phân giải 24.4 MP, Chip EXR Processor II', '<ul><li>- Cảm biến CMOS kích thước APS-C</li>\r\n<li>- Độ phân giải 24.2MP</li>\r\n<li>- Chip xử lý ảnh EXR Processor II</li>\r\n<li>- Hệ thống lấy nét 77 điểm toàn khung và 49 điểm đơn</li>\r\n<li>- ISO200 – ISO25600</li>\r\n<li>- Hỗ trợ xử lý ảnh RAW ngay trong thân máy</li>\r\n<li>- Thêm 2 filter màu phim “PRO Neg.Hi” and “PRO Neg.Std.”</li>\r\n<li>- Thêm chế độ Panorama và Time Lapse</li>\r\n<li>- Kết nối: WIfi, Micro USB (2.0)</li>\r\n<li>- Kích thước: 117 x 67 x 40 mm</li>\r\n<li>- Trọng lượng 339g</li></ul>', '7990000', '12', '3', null, null);
INSERT INTO `sanpham` VALUES ('14', '1', '4', 'FUJIFILM FINEPIX XP120', '11 chế độ chụp ảnh, chống nước, chịu lạnh tốt', '<ul><li>- Cảm biến CMOS 16.2MP, kích thước 1/2.3”</li>\r\n<li>- Chống nước 20m, chống sốc 1.70m</li>\r\n<li>- Chịu lạnh -10 Độ C</li>\r\n<li>- Ống kính zoom quang học 5X, có chống rung quang học</li>\r\n<li>- Màn hình LCD 3” với lớp chống chói</li>\r\n<li>- Có Wifi để chia sẻ qua các thiết bị khác</li>\r\n<li>- Quay phim Full HD 60fps</li>\r\n<li>- Quay slow motion 480fps</li>\r\n<li>- 11 chế độ chụp có sẵn</li>\r\n<li>- Chụp ảnh HDR và Panorama 360°</li>\r\n<li>- Pin tương thích NP45</li></ul>', '5250000', '20', '20', null, '3');
INSERT INTO `sanpham` VALUES ('15', '1', '4', 'FUJIFILM INSTAX MINI 9', 'Tiêu cự 60mm, khối lượng 307g', '<ul><li>- Kích thước ảnh in: 62 x 46 mm</li>\r\n<li>- Tiêu cự ống kính: 60 mm</li>\r\n<li>- Khoảng cách lấy nét: từ 60 cm đến vô cực</li>\r\n<li>- Tốc độ màn trập: 1/60 giây</li>\r\n<li>- Pin: 2 x AA 1.5V, thời lượng chụp: ~100 tấm</li>\r\n<li>- Kích thước camera: 116 x 118,3 x 68,2 mm</li>\r\n<li>- Khối lượng máy: 307 gram</li></ul>', '1950000', '40', '11', null, '10');
INSERT INTO `sanpham` VALUES ('16', '1', '4', 'FUJIFILM INSTAX WIDE 300', 'Flash tự động, chụp ảnh lấy liền', '<ul><li>- Máy chụp ảnh lấy liền sử dụng phim màu Instant</li>\r\n<li>- Kích thước ảnh: 2.4 x 3.9\"</li>\r\n<li>- Ống kính Close-up, tiêu cự 95mm, f/1.4</li>\r\n<li>- Tích hợp đèn flash điện tử tự động</li>\r\n<li>- Sử dụng 4 pin AA</li>\r\n<li>- Đi kèm adapter Close-Up Lens</li>\r\n<li>- Thiết kế trẻ trung, hiện đại</li>\r\n<li>- Dễ sử dụng, ảnh chụp chất lượng tốt</li></ul>', '2900000', '37', '10', '2017-03-22 19:05:17', null);
INSERT INTO `sanpham` VALUES ('17', '2', '1', 'CANON POWERSHOT G3 X', 'Bộ xử lý hình ảnh Digic 6, cực nhạy sáng', '<ul><li>- Bộ cảm biến CMOS 20.2 megapixels</li>\r\n<li>- Bộ xử lý hình ảnh Digic 6</li>\r\n<li>- Màn hình 3.2 inch </li>\r\n<li>- Độ dài tiêu cự 24-600 f/2.8-5.6</li>\r\n<li>- Độ nhạy sáng ISO 125-6400 (mở rộng 12800)</li>\r\n<li>- Tốc độ màn chập 1-15 / 2000 giây</li>\r\n<li>- Tốc độ chụp 5.9 ảnh/giây </li>\r\n<li>- Quay phim Full HD 24p/25p/30p/50p/60p</li>\r\n<li>- Kết nối Wi-Fi, NFC</li>\r\n<li>- Pin tương thích NB-10L</li></ul>', '17000000', '10', '2', null, null);
INSERT INTO `sanpham` VALUES ('18', '2', '1', 'CANON POWERSHOT G5 X', 'Kính ngắm điện tử,  Tốc độ chụp 5.9 ảnh/s', '<ul><li>- Bộ cảm biến CMOS 20.2 megapixels</li>\r\n<li>- Bộ xử lý hình ảnh Digic 6</li>\r\n<li>- Màn hình 3.0 inch </li>\r\n<li>- Kính ngắm điện tử</li>\r\n<li>- Độ dài tiêu cự 24-120mm f/1.8-2.8</li>\r\n<li>- Độ nhạy sáng ISO 125-6400 (mở rộng 12800)</li>\r\n<li>- Tốc độ màn chập 1-30 / 2000 giây</li>\r\n<li>- Tốc độ chụp 5.9 ảnh/giây </li>\r\n<li>- Quay phim Full HD 24p/25p/30p/50p/60p</li>\r\n<li>- Kết nối Wi-Fi, NFC</li>\r\n<li>- Pin tương thích NB-13L</li></ul>', '14000000', '22', '4', null, '2');
INSERT INTO `sanpham` VALUES ('19', '2', '1', 'CANON POWERSHOT SX540 HS', 'Bộ xử lý hình ảnh Digic 6, Zoom quang tới 100x, quay phim Full HD', '<ul><li>- Cảm biến CMOS 20.3 megapixel </li>\r\n<li>- Bộ xử lý hình ảnh Digic 6</li>\r\n<li>- Màn hình 3.0 inch </li>\r\n<li>- Zoom Quang học 50x (24mm – 1200mm) </li>\r\n<li>- Zoomplus lên tới 100x</li>\r\n<li>- Độ nhạy sáng ISO 100-1600</li>\r\n<li>- Tốc độ màn chập 15 – 1/2000 giây</li>\r\n<li>- Tốc độ chụp 5.9 ảnh/giây </li>\r\n<li>- Quay phim Full HD 1920 x 1080</li>\r\n<li>- Tích hợp Wifi và NFC</li>\r\n<li>- Sử dụng Pin NB-6LH</li></ul>', '7900000', '26', '7', null, null);
INSERT INTO `sanpham` VALUES ('20', '2', '1', 'CANON EOS 760D BODY', 'Bộ xử lý hình ảnh Digic 6, tốc độ màn trập 1/4000 giây', '<ul><li>- Cảm biến CMOS 24.2 megapixel.</li>\r\n<li>- Bộ xử lý hình ảnh DIGIC 6</li>\r\n<li>- Hệ thống lấy nét lai (Hybrid CMOS AF III)</li>\r\n<li>- Hệ thống đo nét tiên tiến với 19 điểm</li>\r\n<li>- Màn hình LCD 3.0inch cảm ứng</li>\r\n<li>- Màn hình phụ xem thông số</li>\r\n<li>- Tốc độ màn trập 1/4000 giây đến 30 giây</li>\r\n<li>- Tốc độ chụp liên tục tối đa 5.0 hình/giây</li>\r\n<li>- ISO 100-6400 ( mở rộng 12800)</li>\r\n<li>- Thẻ nhớ tương thích : SD/ SDHC/SDXC</li>\r\n<li>- Quay phim Full HD</li>\r\n<li>- Hỗ trợ Wi-Fi và NFC</li>\r\n<li>- Trọng lượng  565g</li>\r\n<li>- Đèn flash tương thích  Đèn Speedlite seri EX</li></ul>', '15900000', '32', '6', null, '2');
INSERT INTO `sanpham` VALUES ('21', '2', '2', 'SONY ALPHA A6000', 'Độ phân giải 24.3 MP, Lấy nét tự động Fast Hybrid', '<ul><li>- Cảm biến Exmor™ APS HD CMOS 24.3MP có bộ xử lý BIONZ X™ </li>\r\n<li>- Độ phân giải 24.3 MP </li>\r\n<li>- Lấy nét tự động Fast Hybrid </li>\r\n<li>- Khung ngắm điện tử 1,0 cm </li>\r\n<li>- Màn hình 3 inch </li>\r\n<li>- ISO 100-25600 </li>\r\n<li>- Tốc độ chụp 11 ảnh / giây </li>\r\n<li>- Chia sẻ và kiểm soát đơn giản cùng Wi-Fi® và NFC một chạm </li>\r\n<li>- Pin tương thích FW50</li></ul>', '13490000', '44', '6', '2017-01-21 19:04:53', null);
INSERT INTO `sanpham` VALUES ('22', '2', '2', 'SONY ALPHA A6300', 'Quay phim 4K, Lấy nét nhanh nhất thế giới', '<ul><li>- Cảm biến cải tiến mới APS-C HD CMOS 24.2 MegaPixels</li>\r\n<li>- Màn hình lật 3.0 inch </li>\r\n<li>- Độ nhạy sáng cao ISO 100 - 25600</li>\r\n<li>- Chụp liên tiếp 11ảnh/ giây</li>\r\n<li>- 169 điểm lấy nét tự động theo tương phản + 425 điểm lấy nét theo pha</li>\r\n<li>- Hệ thống đo sáng thông minh DRO</li>\r\n<li>- Quay phim chuẩn 4K</li>\r\n<li>- Tích hợp wifi và NFC</li></ul>', '21990000', '21', '4', null, '3');
INSERT INTO `sanpham` VALUES ('23', '2', '2', 'SONY ALPHA A5100', 'Màn hình cảm ứng 3 inch, 197 điểm lấy nét', '<ul><li>- Bộ cảm biến Exmor CMOS 24.3-megapixel </li>\r\n<li>- Màn hình cảm ứng 3.0inch nghiêng 180 độ</li>\r\n<li>- 179 điểm lấy nét</li>\r\n<li>- ISO 100-25600  </li>\r\n<li>- Tốc độ màn chập 1/4000 đến 30 giây </li>\r\n<li>- Tốc độ chụp 6.0 ảnh/ giây </li>\r\n<li>- Quay phim Full HD 1920 x 1080 </li>\r\n<li>- Tích hợp Wifi, NFC\r\n<li>- Sử dụng Pin NP-FW50</li></ul>', '9490000', '18', '4', null, null);
INSERT INTO `sanpham` VALUES ('24', '2', '2', 'SONY ALPHA A7M2K KIT 28-70MM', 'Màn hình 3 inch, công nghệ ổn định hình ảnh 5 trục', '<ul><li>- Bộ cảm biến Exmor CMOS 24.3-megapixel full-frame</li>\r\n<li>- Khung ngắm điện tử </li>\r\n<li>- Màn hình 3.0inch </li>\r\n<li>- Ổn định hình ảnh 5 trục</li>\r\n<li>- Full frame 35mm: 117 điểm</li>\r\n<li>- ISO 50-25600  (mở rộng 51200)</li>\r\n<li>- Tốc độ màn chập 1/8000 đến 30 giây</li>\r\n<li>- Tốc độ chụp 5.0 ảnh/ giây</li>\r\n<li>- Quay phim Full HD 1920 x 1080/60p 50Mbps</li>\r\n<li>- Tích hợp Wifi, NFC</li>\r\n<li>- Sử dụng Pin NP-FW50</li></ul>', '33940000', '20', '2', '2017-02-12 19:05:08', null);
INSERT INTO `sanpham` VALUES ('25', '2', '3', 'NIKON COOLPIX P900', 'Cảm biến CMOS 16 megapixel, chống rung quang học & dò tìm kép', '<ul><li>- Cảm biến hình ảnh CMOS 16.0 megapixel</li>\r\n<li>- Bộ vi xử lý hình ảnh EXPEED C2</li>\r\n<li>- Màn hình 3.0inch </li>\r\n<li>- Độ nhạy sáng  ISO 100-6400 ( mở rộng 12800)</li>\r\n<li>- Zoom quang 83x </li>\r\n<li>- Độ dài tiêu cự  24mm -2000mm (f/2.8 đến f/6.5)</li>\r\n<li>- Chống Rung (VR) Quang học dò tìm kép </li>\r\n<li>- Tốc độ màn chập 1- 1/4000 giây</li>\r\n<li>- Quay phim Full HD 1920x1080</li>\r\n<li>- Kết nối Wi-Fi , NFC</li>\r\n<li>- Pin tương thích EN-EL23</li>\r\n<li>- Kích thước bộ lọc 67mm</li></ul>', '12200000', '30', '14', '2017-02-13 19:07:47', null);
INSERT INTO `sanpham` VALUES ('26', '2', '3', 'NIKON COOLPIX B700', 'Trang bị ống ngắm điện tử, chụp hình 4K', '<ul><li>- Độ phân giải 20.3 megapixel </li>\r\n<li>- Cảm biến CMOS 1 / 2.3-inch</li>\r\n<li>- Zoom quang học 60x / Zoom số 4x</li>\r\n<li>- Ống ngắm điện tử</li>\r\n<li>- Màn hình 3.0 inch xoay lật</li>\r\n<li>- Quay phim 4K UHD (3,840x2,160) với 30 khung hình/giây </li>\r\n<li>- ISO 100-3200 </li>\r\n<li>- Tốc độ chụp 5 ảnh/ giây</li>\r\n<li>- Tốc độ màn trập 1 / 4.000 - 1 giây.</li>\r\n<li>- Chụp ảnh RAW định dạng (NRW) </li>\r\n<li>- Tích hợp Wi-Fi, NFC và Bluetooth</li>\r\n<li>- Trọng lượng 570g</li>\r\n<li>- Pin tương thích EN-EL23</li></ul>', '8800000', '19', '5', null, '2');
INSERT INTO `sanpham` VALUES ('27', '2', '3', 'NIKON D3400 KIT AF-P 18-55 VR', 'Bộ vi xử lý EXPEED 4, tốc độ chụp liên tục 5 fps', '<ul><li>- Cảm biến CMOS 24.2MP DX </li>\r\n<li>- Bộ xử lý hình ảnh EXPEED 4</li>\r\n<li>- ISO: 100-25600</li>\r\n<li>- Tốc độ chụp liên tục 5fps</li>\r\n<li>- Màn hình LCD 3\" 921K-Dot</li>\r\n<li>- Quay phim Full HD 1080p tại 60fps</li>\r\n<li>- Hệ thống lấy nét 11 điểm AF</li>\r\n<li>- Ống kính AF-P DX 18-55mm F/3.5-5.6G VR</li>\r\n<li>- Hỗ trợ kết nối Bluetooth 4.1 LE</li>\r\n<li>- Pin EN-EL14a chụp tối đa 1.200 tấm</li>\r\n<li>- Kích thước: 124 x 98 x 75.5mm</li></ul>', '9490000', '28', '6', null, null);
INSERT INTO `sanpham` VALUES ('28', '2', '3', 'NIKON D7100 BODY', 'Vi xử lý EXPEED 3, tốc độ chụp 7 ảnh/s', '<ul><li>- Bộ cảm biến CMOS  24.1 megapixel</li>\r\n<li>- Bộ xử lý hình ảnh EXPEED 3</li>\r\n<li>- Màn hình 3.0inch (1229K điểm ảnh)</li>\r\n<li>- 51 điểm lấy nét tự động</li>\r\n<li>- ISO100 -6400 (mở rộng đến 25600)</li>\r\n<li>- Tốc độ màn chập 30-1 / 8000giây</li>\r\n<li>- Tốc độ chụp 7 ảnh/ giây</li>\r\n<li>- Quay phim Full HD 1080i60</li>\r\n<li>- Sử dụng Pin EN-EL15</li></ul>', '15000000', '34', '1', null, null);
INSERT INTO `sanpham` VALUES ('29', '2', '4', 'FUJIFILM X-T10 KIT XF18-55', 'Màn hình 3 inch, độ phân giải 16.3 megapixel', '<ul><li>- Cảm biến ảnh (APS-C) X-Trans CMOS II</li>\r\n<li>- Độ phân giải 16.3 MP</li>\r\n<li>- Kính ngắm đện tử</li>\r\n<li>- Màn hình LCD 3.0-inch</li>\r\n<li>- Độ nhạy ISO 200- 6400 mở rộng 51200</li>\r\n<li>- Tốc độ màn trập 30 giây đến 1/4000 giây</li>\r\n<li>- Chụp liên tiếp 8 ảnh/ giây</li>\r\n<li>- Full HD 1920 x 1080 60p</li>\r\n<li>- Kết nối Wifi , GPS</li>\r\n<li>- Pin tương thich NP-W126</li></ul>', '22190000', '24', '3', null, null);
INSERT INTO `sanpham` VALUES ('30', '2', '4', 'FUJIFILM X-E2S BODY', 'Độ phân giải : 16.3MP, Chip xử lý ảnh: EXR Processor II', '<ul><li>- Cảm biến: CMOS X-trans II</li>\r\n<li>- Độ phân giải : 16.3MP</li>\r\n<li>- Chip xử lý ảnh: EXR Processor II</li>\r\n<li>- ISO: 200-12800 (Mở rộng 100-51200)</li>\r\n<li>- Hệ thống lấy nét 77 điểm, 49 điểm theo pha (7x7)</li>\r\n<li>- Quay video: FullHD 1080p 60fps</li>\r\n<li>- Kết nối: WIFI</li>\r\n<li>- Pin tương thich NP-W126 </li></ul>', '14290000', '10', '3', null, null);
INSERT INTO `sanpham` VALUES ('31', '2', '4', 'FUJIFILM X-E3', 'Bộ xử lý hình ảnh X-Processor Pro, kháng nước kháng bụi', '<ul><li>- Cảm biến 24.3MP APS-C X-Trans CMOS III</li>\r\n<li>- Bộ xử lý hình ảnh X-Processor Pro</li>\r\n<li>- Màn hình cảm ứng TFT LCD 3\" 1.04 triệu điểm ảnh</li>\r\n<li>- Ống ngắm điện tử OLED kích thước 0.77\" 2,36MP</li>\r\n<li>- ISO 51200, tốc độ chụp 8fps</li>\r\n<li>- Khả năng quay video 4K UHD</li>\r\n<li>- Khả năng kết nối wifi</li>\r\n<li>- Hệ thống lấy nét AF 325 điểm</li>\r\n<li>- Body kháng nước, bụi bẩn</li>\r\n<li>- Tương thích thẻ nhớ SD, SHHC, SDXC, UHS-II</li>\r\n<li>- Ống kính OIS LMF 18-55mm f / 2.8-4 R</li></ul>', '28990000', '14', '7', null, null);
INSERT INTO `sanpham` VALUES ('32', '2', '4', 'FUJIFILM X-A10', 'Hệ thống làm sạch cảm biến, tốc độ màn trập 1/32000s', '<ul><li>- Cảm biến ảnh CMOS APS-C 16.3 MP</li>\r\n<li>- Hệ thống làm sạch cảm biến</li>\r\n<li>- Màn hình LCD 3.0-inch</li>\r\n<li>- ISO: 200 - 6.400, mở rộng 100, 12.800, 25.600</li>\r\n<li>- Tốc độ màn trập 30 giây đến 1/4000 giây</li>\r\n<li>- Tốc độ màn trập điện tử 1/32.000 giây</li>\r\n<li>- Chụp liên tiếp: 3 fps, 6 fps</li>\r\n<li>- Quay phim: Full HD 30p/25p/24p, HD 720 60p</li>\r\n<li>- Kết nối Wifi</li>\r\n<li>- Giao tiếp: USB 2.0, HDMI type-D</li>\r\n<li>- Thẻ nhớ: SD/SDHC/SDXC</li>\r\n<li>- Pin tương thích NP-W126</li>\r\n<li>- Kích thước: 11.69 x 6.74 x 4.04 cm</li>\r\n<li>- Trọng lượng: 282 g (thân máy), 331 g (thân máy + pin + thẻ nhớ)</li></ul>', '13490000', '50', '1', '2017-09-20 19:01:40', null);
INSERT INTO `sanpham` VALUES ('33', '3', '1', 'CANON EOS M3', 'Công nghệ Hybrid CMOS AF III, quay phim FULL HD', '<ul><li>- Cảm biến CMOS 24.2 megapixel </li>\r\n<li>- Công nghệ Hybrid CMOS AF III</li>\r\n<li>- Bộ xử lý hình ảnh DIGIC 6</li>\r\n<li>- Điểm lấy nét 49 điểm</li>\r\n<li>- Màn hình LCD 3.0inch cảm ứng xoay lật 180độ</li>\r\n<li>- Tốc độ màn trập 1/4000 đến 30 giây</li>\r\n<li>- Tốc độ chụp liên tục tối đa 4.6 hình/giây</li>\r\n<li>- ISO 100 – 12800</li>\r\n<li>- Quay phim Full HD</li>\r\n<li>- Kết nối wifi</li>\r\n<li>- Thẻ nhớ SD / SDHC / SDXC </li>\r\n<li>- Trọng lượng 85g</li>\r\n<li>- Pin tương thích LP-E17</li></ul>', '11450000', '20', '31', '2017-09-04 19:02:27', null);
INSERT INTO `sanpham` VALUES ('34', '3', '1', 'CANON EOS M5', 'Bộ xử lý ảnh DIGIC 7, ống ngắm điện tử EVF', '<ul><li>- Bộ xử lý ảnh DIGIC 7</li>\r\n<li>- Ống ngắm điện tử EVF </li>\r\n<li>- Màn hình LDC 3.2 inch lật xuống 180 độ</li>\r\n<li>- ISO 100-25.600</li>\r\n<li>- 49 điểm cross-type lấy nét</li>\r\n<li>- Công nghệ lất nét \"Dual-Pixel\"</li>\r\n<li>- Tốc độ chụp liên tiếp 7 khung hình/giây</li>\r\n<li>- Quay video Full HD</li>\r\n<li>- Chống rung điện tử khi quay video</li>\r\n<li>- Kết nối Bluetooth</li>\r\n<li>- Pin tương thích LP-E17</li>\r\n<li>- Cảm biến APS-C 24.2 MP</li></ul>', '23490000', '33', '6', '2017-07-07 19:02:45', null);
INSERT INTO `sanpham` VALUES ('35', '3', '1', 'CANON EOS M6', 'Ống ngắm EVF-DC2, lấy nét tự động thế hệ mới nhất', '<ul><li>- Cảm biến CMOS 24.2 MPs,bộ xử lý ảnh Canon DIGIC 7</li>\r\n<li>- ISO đến 25,600, chụp liên tiếp tới 9 hình/giây</li>\r\n<li>- Trang bị hệ thống lấy nét tự động Dual Pixel CMOS AF</li>\r\n<li>- Ống ngắm EVF-DC2</li>\r\n<li>- Quay phim full HD, kết nối Wifi, NFC, Bluetooth</li>\r\n<li>- Ổn định hình ảnh 5 trục</li>\r\n<li>- Tương thích hệ thống ống kính EF-M, EF-S, EF của Canon</li>\r\n<li>- Màn hình lật xoay 3” cảm ứng 1.040.000 pixels</li></ul>', '17900000', '19', '8', null, null);
INSERT INTO `sanpham` VALUES ('36', '3', '1', 'CANON EOS M100', 'Dual Pixel CMOS AF, bộ xử lý hình ảnh DIGIC 7', '<ul><li>- Cảm biến CMOS APS-C 24.2MP</li>\r\n<li>- Bộ xử lý hình ảnh DIGIC 7</li>\r\n<li>- Màn hình cảm ứng LCD 3.0 inch \"1.04m-dot</li>\r\n<li>- Quay phim Full HD 1080p với tốc độ 60 fps</li>\r\n<li>- Built-In Wi-Fi với NFC, Bluetooth</li>\r\n<li>- Dual Pixel CMOS AF</li>\r\n<li>- Tốc độ chụp 6,1 fps và ISO 25600</li>\r\n<li>- Hỗ trợ Sáng tạo và Chân dung Tự chụp</li>\r\n<li>- Pin tương thích LP-E12</li></ul>', '14800000', '25', '7', null, '5');
INSERT INTO `sanpham` VALUES ('37', '3', '2', 'SONY DSC-RX10M3', 'Độ phân giải 20.1 MP, cảm biến ánh sáng EXMOR RS chồng nhiều lớp', '<ul><li>- Độ phân giải: 20.1MP</li>\r\n<li>- Cảm biến ánh sáng: Exmor RS CMOS 1.0-type chồng nhiều lớp</li>\r\n<li>- ISO (ảnh tĩnh): Auto (ISO 100 – 12800)</li>\r\n<li>- ISO 25600 trong chế độ Multi Frame NR</li>\r\n<li>- Bộ xử lý hình ảnh: BIONZ X</li>\r\n<li>- Ống kính: ZEISS Vario-Sonnar T* 24-600mm F2.4 - 4</li>\r\n<li>- Zoom quang học: 25x</li>\r\n<li>- Màn hình LCD: Xtra Fine LCD 3inch, 1229K điểm ảnh.</li> \r\n<li>- Màn hình LCD lật (lên 107 độ, xuống 42 độ)</li>\r\n<li>- Cảm biến mắt: Có</li>\r\n<li>- Quay phim:4K</li>\r\n<li>- Kích thước: 132.5 x 94.0 x 127.4mm</li>\r\n<li>- Trọng lượng (bao gồm pin và thẻ nhớ): khoảng 1,095g</li></ul>', '32290000', '16', '2', null, null);
INSERT INTO `sanpham` VALUES ('38', '3', '2', 'SONY CYBER-SHOT RX100V', 'Quay video 4K trong 24/25 / 30p ở 100Mbps.', '<ul><li>+ Cảm biến 1 inch 21MP</li>\r\n<li>+ Ống kính zoom quang học 2.9x</li> \r\n<li>+ Khẩu độ :f / 1,8-2,8</li>\r\n<li>+ Quay video 4K trong 24/25 / 30p ở 100Mbps.</li>\r\n<li>+ Định dạng video XAVC và AVCHD</li>\r\n<li>- Pin tương thích NP-BX1</li></ul>', '20990000', '27', '7', null, '3');
INSERT INTO `sanpham` VALUES ('39', '3', '2', 'SONY ALPHA A7M2', 'Tốc độ chụp 5.0 ảnh/s, trang bị khung ngắm điện tử', '<ul><li>- Bộ cảm biến Exmor CMOS 24.3-megapixel full-frame</li>\r\n<li>- Khung ngắm điện tử </li>\r\n<li>- Màn hình 3.0inch </li>\r\n<li>- Ổn định hình ảnh 5 trục</li>\r\n<li>- Full frame 35mm: 117 điểm</li>\r\n<li>- ISO 50-25600  (mở rộng 51200)</li>\r\n<li>- Tốc độ màn chập 1/8000 đến 30 giây</li>\r\n<li>- Tốc độ chụp 5.0 ảnh/ giây</li>\r\n<li>- Quay phim Full HD 1920 x 1080/60p 50Mbps</li>\r\n<li>- Tích hợp Wifi, NFC</li>\r\n<li>- Sử dụng Pin NP-FW50</li></ul>', '29990000', '14', '3', null, null);
INSERT INTO `sanpham` VALUES ('40', '3', '2', 'SONY RX0', 'Quay 4K, Chống nước IPX8', '<ul><li>Bộ cảm biến CMOS Exmor 1-inch </li>\r\n<li>Độ phân giải 15,3 megapixel</li>\r\n<li>Quay phim 4K</li>\r\n<li>Ống kính Zeiss 24mm tương đương, khẩu độ F / 4</li>\r\n<li>Điều khiển qua Remote ứng dụng hoặc VP1K</li>\r\n<li>Chuyển đổi NTSC / PAL</li>\r\n<li>Chống nước IPX8 </li>\r\n<li>Quy chuyển động siêu chậm ở tốc độ lên tới 960 hình/giây </li>\r\n<li>Thời lượng chụp ảnh: Xấp xỉ 240 ảnh</li>\r\n<li>Bộ pin sạc NP-BJ1</li>\r\n<li>Kích thước 59,0 x 40,5 x 29.8 mm</li>\r\n<li>Trọng lượng Xấp xỉ. 110 g (Gồm pin và thẻ nhớ microSD) </li></ul>', '15490000', '20', '5', null, null);
INSERT INTO `sanpham` VALUES ('41', '3', '3', 'NIKON D610 BODY', 'Cảm biến lấy nét tự động Multi-CAM 4800', '<ul><li>- Bộ cảm biến CMOS Full frame  24.3 megapixel</li>\r\n<li>- Bộ xử lý hình ảnh EXPEED 3 </li>\r\n<li>- Cảm biến lấy nét tự động Multi-CAM 4800</li>\r\n<li>- Màn hình 3.2inch (921K điểm ảnh)</li>\r\n<li>- 39 điểm lấy nét tự động</li>\r\n<li>- ISO100 – 6400  (mở rộng 25600)</li>\r\n<li>- Tốc độ màn chập 1/4000 - 30 giây</li>\r\n<li>- Tốc độ chụp 6 ảnh/ giây</li>\r\n<li>- 2 khe thẻ nhớ</li>\r\n<li>- Quay phim Full HD 1080/30p </li>\r\n<li>- Sử dụng Pin EN-EL15</li></ul>', '23900000', '40', '2', null, null);
INSERT INTO `sanpham` VALUES ('42', '3', '3', 'NIKON D500 BODY', 'Cảm biến hình ảnh mới EXPEED 5 với độ phân giải 20.9MP ', '<ul><li>- Cảm biến hình ảnh mới EXPEED 5 với độ phân giải 20.9MP </li>\r\n<li>- Màn hình cảm ứng LCD 3.2 \"2,539k-Dot Nghiêng </li>\r\n<li>- Quay Video4K UHD ở 30 fps</li>\r\n<li>- Multi-CAM 20K 153-Point Hệ thống AF</li>\r\n<li>- ISO 51200, ISO mở rộng tới 1.640.000</li>\r\n<li>- 10 fps chụp cho đến 200 Frames</li>\r\n<li>- Kết nối Wi-Fi, Bluetooth và NFC</li>\r\n<li>- Pin tương thích EN-EL15</li></ul>', '36900000', '36', '3', null, null);
INSERT INTO `sanpham` VALUES ('43', '3', '3', 'NIKON D5600 KIT AF-S', 'Cảm biến: CMOS APS-C 25 MP, hiệu dụng : 24 MP', '<ul><li>- Cảm biến: CMOS APS-C 25 MP, hiệu dụng : 24 MP</li>\r\n<li>- Chip xử lý ảnh: Nikon EXPEED 4</li>\r\n<li>- ISO: Auto, 100 - 25.600</li>\r\n<li>- Tốc độ màn trập: 1/4000 - 30 giây</li>\r\n<li>- Hệ thống lấy nét: AF 39 điểm, có tracking hỗ trợ quay phim</li>\r\n<li>- Viewfinder: quang học, độ bao phủ 95%, độ phóng đại 0,82x</li>\r\n<li>- Màn hình: LCD TFT cảm ứng 3.2-inch, 1.037.000 pixel</li>\r\n<li>- Quay phim: 1080p@60fps, 720p@60fps, quay Timelapse</li>\r\n<li>- Kết nối: USB 2.0, Bluetooth 4.1 LE, Wi-Fi 801.11b/g/n, mini-HDMI</li>\r\n<li>- Cân nặng: 465g kèm pin</li>\r\n<li>- Pin tương thích EN-EL14</li>\r\n<li>- Kích thước bộ lọc ø67mm (chọn thêm)</li>\r\n<li>- Hood tương thích  HB-32  (chọn thêm)</li></ul>', '18790000', '16', '6', null, null);
INSERT INTO `sanpham` VALUES ('44', '3', '3', 'NIKON D7500', 'Cảm biến ảnh: CMOS 20.9 MP APS-C, bộ xử lý hình ảnh: EXPEED 5', '<li>Cảm biến ảnh: CMOS 20.9 MP APS-C</li>\r\n<li>- Bộ xử lý hình ảnh: EXPEED 5</li>\r\n<li>- Màn hình: LCD 3,2” cảm ứng, xoay lật góc 170 độ</li>\r\n<li>- Kính ngắm: quang học, độ phủ 100% 0.94x</li>\r\n<li>- ISO: tối ưu 100 - 51.200, mở rộng 50-1.638.400</li>\r\n<li>- Tốc độ màn trập: 1/8.000 giây</li>\r\n<li>- Chụp liên tiếp: 8 fps</li>\r\n<li>- Hệ thống lấy nét: 51 điểm, 15 điểm cross-type</li>\r\n<li>- Quay phim: 4K UHD (30/25/24p) ở chế độ crop 1.5x</li>\r\n<li>- Ngôn ngữ: 36 thứ tiếng, có tiếng Việt</li>\r\n<li>- Kích thước: 13,55 x 10,4 x 7,25 cm</li></ul>', '27500000', '28', '2', null, null);
INSERT INTO `sanpham` VALUES ('45', '3', '4', 'FUJIFILM X-PRO2', 'Kính ngắm quang học và điện tử, màn hình LCD 3.0-inch', '<ul><li>Cảm biến ảnh CMOS III sensor & X Processor Pro </li>\r\n<li>- Độ phân giải 24.3 MP</li>\r\n<li>- Kính ngắm quang học và điện tử</li>\r\n<li>- Màn hình LCD 3.0-inch</li>\r\n<li>- Độ nhạy ISO 200- 12800 mở rộng 51200</li>\r\n<li>- Tốc độ màn trập 30 giây đến 1/8000 giây</li>\r\n<li>- Chụp liên tiếp 8 ảnh/ giây</li>\r\n<li>- Full HD 1920 x 1080 60p</li>\r\n<li>- Kết nối Wifi </li></ul>', '39990000', '22', '1', null, null);
INSERT INTO `sanpham` VALUES ('46', '3', '4', 'FUJIFILM X100F', 'Bộ xử lý hình ảnh: X-Processor Pro, Ống kính Fujinon 23mm f/2', '<li>- Cảm biến X-Trans CMOS III 24,3 MP </li>\r\n<li>- Bộ xử lý hình ảnh: X-Processor Pro </li>\r\n<li>- Ống kính Fujinon 23mm f/2 </li>\r\n<li>- Màn hình LCD 3.0\" với 1,040,000 điểm ảnh</li>\r\n<li>- Kính ngắm điện tử và kính ngắm lai quang học</li>\r\n<li>- 91 điểm lấy nét tự động (49 điểm lấy nét theo pha)</li>\r\n<li>- Iso mở rộng 51,200 và chụp liên tiếp 8 hình/giây</li>\r\n<li>- Quay phim Full HD 1080p (24p/25p/30p/50p/60p)</li>\r\n<li>- Tích hợp vòng chỉnh ISO & nút chỉnh điểm nét phía sau</li></ul>', '29990000', '31', '1', null, null);
INSERT INTO `sanpham` VALUES ('47', '3', '4', 'FUJIFILM X-T20', 'Cảm biến APS-C X-Trans CMOS III 24.3MP, bộ xử lý hình ảnh X-Processor Pro', '<ul><li>- Cảm biến APS-C X-Trans CMOS III 24.3MP</li>\r\n<li>- Bộ xử lý hình ảnh X-Processor Pro</li>\r\n<li>- Màn hình cảm ứng TFT LCD 3\" 1.04 triệu điểm ảnh có thể xoay lật đa chiều</li>\r\n<li>- Ống ngắm điện tử OLED với kích thước 0.39\" 2,36MP</li>\r\n<li>- Quay video 4K UHD với thời lượng quay lên đến 10 phút</li>\r\n<li>- Xuất video qua HDMI và thu âm thanh qua microphone gắn rời</li>\r\n<li>- Chế độ chụp nhanh liên tục lên đến 5 fps</li>\r\n<li>- Chế độ tùy chỉnh chức năng AF-C với 5 preset AF-C có sẵn</li>\r\n<li>- Tốc độ màn trập: 1/4000s cho màn cơ, 1/32000s cho màn điện tử</li>\r\n<li>- Chế độ giả lập Film cho cả ảnh chụp và Video</li>\r\n<li>- Chế độ giả lập Film ACROS được thêm mới vào</li>\r\n<li>- Thẻ nhớ SD, SHHC, SDXC, hỗ trợ chuẩn thẻ UHS-II</li>\r\n<li>- Pin NP-W126s như trên X-T2, chụp được 350 tấm</li>\r\n<li>- Kích thước: 118 x 83 x 41 mm</li>\r\n<li>- Khối lượng (bao gồm pin): 383 g</li></ul>', '27900000', '13', '3', null, '4');
INSERT INTO `sanpham` VALUES ('48', '3', '4', 'FUJIFILM X-A3 KIT XC16-50 OIS II', 'Hỗ trợ xử lý ảnh RAW ngay trong thân máy, cảm biến CMOS kích thước APS-C', '<li>- Cảm biến CMOS kích thước APS-C </li>\r\n<li>- Độ phân giải 24.2MP </li>\r\n<li>- Chip xử lý ảnh EXR Processor II</li>\r\n<li>- Hệ thống lấy nét 77 điểm toàn khung và 49 điểm đơn</li>\r\n<li>- ISO200 – ISO25600</li>\r\n<li>- Hỗ trợ xử lý ảnh RAW ngay trong thân máy</li>\r\n<li>- Thêm 2 filter màu phim “PRO Neg.Hi” and “PRO Neg.Std.”</li>\r\n<li>- Thêm chế độ Panorama và Time Lapse</li>\r\n<li>- Kết nối: WIfi, Micro USB (2.0)</li>\r\n<li>- Kích thước: 117 x 67 x 40 mm</li>\r\n<li>- Trọng lượng 339g</li></ul>', '16490000', '24', '1', null, null);
INSERT INTO `sanpham` VALUES ('49', '4', '1', 'CANON EOS 5D MARK III BODY', 'Cảm biến CMOS fullframe 22.3 megapixel, trọng lượng  860g', '<ul><li>- Cảm biến CMOS fullframe 22.3 megapixel.</li>\r\n<li>- Bộ xử lý hình ảnh DIGIC 5+</li>\r\n<li>- ISO 100-25600, mở rộng tới 102400</li>\r\n<li>- Hệ thống đo nét tiên tiến với 61 điểm</li>\r\n<li>- Màn hình LCD 3.2inch</li>\r\n<li>- Tốc độ màn trập 1/8000 giây đến 60 giây</li>\r\n<li>- Tốc độ chụp liên tục tối đa 6 hình/giây</li>\r\n<li>- Thẻ nhớ tương thích : CF/ SD/ SDHC/SDXC</li>\r\n<li>- Trọng lượng  860g</li></ul>', '48500000', '17', '0', null, null);
INSERT INTO `sanpham` VALUES ('50', '4', '1', 'CANON EOS 800D KIT EF S18-55 IS STM', 'Cảm biến: CMOS APS-C 24MP\r\nChip xử lý: DIGIC 7', '<li>Cảm biến: CMOS APS-C 24MP</li>\r\n<li>Chip xử lý: DIGIC 7</li>\r\n<li>Lấy nét AF: 45 điểm cross-type</li>\r\n<li>Công nghệ lấy nét Dual Pixel</li>\r\n<li>Tốc độ chụp liên tục: 6 ảnh/giây</li>\r\n<li>Tốc độ màn trập: 30s-1/4000s</li>\r\n<li>Ống ngắm quan học OVF bao phủ 95%, phóng đại 0.82X</li>\r\n<li>Màn hình LCD cảm ứng xoay lật đa chiều 3 inch</li>\r\n<li>Quay phim: Full HD 60p (tính năng HDR)</li>\r\n<li>Thẻ nhớ: SD/SDHC/SDXC (chuẩn UHS-I)</li>\r\n<li>Pin: LP-E17 (600 tấm)</li>\r\n<li>Kết nối: Wi-fi, NFC, mini HDMI, USB</li></ul>', '21500000', '10', '2', '2017-08-21 19:03:08', null);
INSERT INTO `sanpham` VALUES ('51', '4', '1', 'CANON EOS 70D BODY', 'Cảm biến CMOS 20.2 megapixel, bộ xử lý hình ảnh DIGIC 5+', '<ul><li>- Cảm biến CMOS 20.2 megapixel.</li>\r\n<li>- Bộ xử lý hình ảnh DIGIC 5+</li>\r\n<li>- ISO 100-12800 ( mở rộng 25600)</li>\r\n<li>- Hệ thống đo nét tiên tiến với 19 điểm</li>\r\n<li>- Màn hình LCD 3.0inch cảm ứng</li>\r\n<li>- Tốc độ màn trập 1/8000 giây tới 30 giây</li>\r\n<li>- Tốc độ chụp liên tục tối đa 7.0 hình/giây</li>\r\n<li>- Thẻ nhớ tương thích : SD/ SDHC/SDXC</li>\r\n<li>- Quay phim Full HD</li>\r\n<li>- Kết nối Wifi</li>\r\n<li>- Trọng lượng  675g</li>\r\n<li>- Kích thước bộ lọc ø77mm</li>\r\n<li>- Pin tương thích LP-E6</li></ul>', '23000000', '28', '1', '2017-12-07 19:03:37', null);
INSERT INTO `sanpham` VALUES ('52', '4', '1', 'CANON EOS 5D MARK IV', 'Khung ngắm công nghệ gương phản chiếu 5 mặt (pentaprism), chế độ khử flicker, chụp & quay 4K', '<li>- Cảm biến: 30MP Full-Frame (30.4 triệu điểm ảnh hữu dụng)</li>\r\n<li>- Chip xử lý hình ảnh: DIGIC 6+</li>\r\n<li>- Số điểm nét AF: 61 điểm với điểm lấy nét 41 cross-points</li>\r\n<li>- Dual Pixel RAW</li>\r\n<li>- Loại kính ngắm: Khung ngắm công nghệ gương phản chiếu 5 mặt (pentaprism)</li>\r\n<li>- Màn hình LCD chính: Màn hình tinh thể lỏng màu TFT 3.2 inches, Cảm ứng hoàn toàn,</li>\r\n<li>- Khả năng quay video: 4K</li>\r\n<li>- Chế độ đo sáng: Hệ thống bộ cảm biến đo sáng RGB+IR xấp xỉ 150.000 pixel</li>\r\n<li>- Chế độ khử flicker</li>\r\n<li>- Tích hợp: kết nối Wi-Fi và NFC</li>\r\n<li>- Thẻ nhớ: SD/ SDHC/ SDXC, CompactFlash Type II</li>\r\n<li>- Tuổi thọ pin (theo CIPA): 900 tấm khi sạc đầy</li>\r\n<li>- Cổng kết nối: USB 3.0, HDMI</li>\r\n<li>- Kích thước: 150.7 x 116.4 x 75.9mm</li>\r\n<li>- Khối lượng: 890g</li><ul>', '97290000', '28', '1', '2017-01-28 19:03:56', null);
INSERT INTO `sanpham` VALUES ('53', '4', '2', 'SONY CYBERSHOT DSC-RX1R II', 'Bộ xử lý hình ảnh: BIONZ X, ống ngắm điện tử OLED', '<ul><li>- Độ phân giải: 42.4 Megapixel</li>\r\n<li>- Cảm biến full frame ExmorR CMOS sensor</li>\r\n<li>- ISO 100 – 25600 (mở rộng đến 102400 trong chế độ Multi Frame NR</li>\r\n<li>- Bộ xử lý hình ảnh: BIONZ X</li>\r\n<li>- Ống kính: Carl Zeiss Sonnar T*, 35mm F2</li>\r\n<li>- Bộ lọc chống răng cưa có thể tùy chỉnh được</li>\r\n<li>- Màn hình LCD 3 inch lật (lên 109 độ, xuống 41 độ)</li>\r\n<li>- Ống ngắm điện tử OLED </li>\r\n<li>- Quay phim full HD 1,920x1,080/50p</li>\r\n<li>- Kết nối Wifi/NFC</li>\r\n<li>- Lấy nét tự động hybrid nhanh</li>\r\n<li>- Trọng lượng 507 g\r\n<li>- Pin tương thích NP-BX1</li></ul>', '74900000', '10', '12', null, '10');
INSERT INTO `sanpham` VALUES ('54', '4', '2', 'SONY A7R MARK III', 'Chống rung 5 trục trong thân máy, hệ thống đo sáng thông minh DRO', '<ul><li>- Bộ cảm biến FullFrame Back-illuminated CMOS 42.4 MP</li>\r\n<li>- Chip BIONZ X xử lý nhanh và mạnh hơn 1,8 lần</li>\r\n<li>- Bộ đệm hình ảnh cho phép lưu liên tục 76 ảnh JPEG hoặc 28 ảnh RAW</li>\r\n<li>- Chống rung 5 trục trong thân máy</li>\r\n<li>- Màn hình LCD cảm ứng lật 3.0” có tính năng chạm lấy nét trực tiếp</li>\r\n<li>- Độ nhạy sáng cao ISO 100 - 32.000 (mở rộng lên 102.000)</li>\r\n<li>- Chụp liên tục 10 tấm/giây khi khóa nét bằng EVF và 8 ảnh/giây ở Live View</li>\r\n<li>- Hệ thống lấy nét Fast Hybrid AF nhanh hơn gấp 2 lần</li>\r\n<li>- Tốc độ màn trập 1/8000 - 30s</li>\r\n<li>- Tốc độ ăn đèn 1/250s</li>\r\n<li>- Kính ngắm XGA OLED phủ lớp coat Zeiss T* hiển thị thời gian thực, bao phủ 100% góc nhìn</li>\r\n<li>- Hệ thống đo sáng thông minh DRO</li>\r\n<li>- Quay phim chuẩn 4K không cần thiết bị ngoại vi</li>\r\n<li>- Thêm chế độ Hybrid Log-Gamma cho phép quay phim HDR</li></ul>', '79990000', '16', '2', null, null);
INSERT INTO `sanpham` VALUES ('55', '4', '2', 'SONY A9 BODY', 'Màn trập điện tử: 1/32.000 giây', '<ul style=\"list-style: none;\"><li>- Tốc độ màn trập: 1/8.000 giây, chụp liên tiếp 5 fps</li>\r\n<li>- Màn trập điện tử: 1/32.000 giây</li>\r\n<li>- chụp liên tiếp 20 fps, ISO tối đa 25.600</li>\r\n<li>- Chế độ chụp im lặng: silent mode</li>\r\n<li>- ISO: 100 - 51.200, mở rộng 50 - 204.800, quay phim ISO 100 - 51.200</li>\r\n<li>- Lấy nét: Phase Detection AF 693 điểm</li>\r\n<li>- Kết nối: Wi-Fi n, Bluetooth 4.1, NFC</li>\r\n<li>- Xuất HDMI: 4K 3.840 x 2.160 pixel 30p/25p/24p</li>\r\n<li>- Thẻ nhớ: 2 khe SD, 1 khe hỗ trợ UHS-II</li>\r\n<li>- Kích thước: 126.9 x 95.6 x 63.0 mm</li>\r\n<li>- Trọng lượng: 673 g </li></ul>', '105900000', '36', '3', null, null);
INSERT INTO `sanpham` VALUES ('56', '4', '2', 'SONY RX10 IV', 'Cảm biến Exmor RS™ CMOS 20,1 MP hiệu dụng tích hợp chip DRAM', '<ul><li>Ống kính khẩu độ lớn F2.4-4 ZEISS® Vario-Sonnar T* 24-600 mm</li>\r\n<li>Cảm biến Exmor RS™ CMOS 20,1 MP hiệu dụng tích hợp chip DRAM</li>\r\n<li>Bộ xử lý hình ảnh BIONZ X™ </li>\r\n<li>Tốc độ lấy nét tự động nhanh nhất thế giới  0,03 giây </li>\r\n<li>315 điểm lấy nét tự động </li>\r\n<li>Dò tìm lấy nét tự động, chọn điểm lấy nét dễ dàng với AF qua bảng cảm ứng</li>\r\n<li>Chụp liên tục lên đến 24 hình/giây </li>\r\n<li>Phơi sáng tự động lên đến 2494 lần chụp</li>\r\n<li>Quay phim 4K; Ghi hình dữ liệu Proxy </li>\r\n<li>Cấu hình ảnh, S-Gamut/S-Log2/S-Log3</li>\r\n<li>Hỗ trợ hiển thị hệ số gamma, Zebra, HDMI Clearout, TC/UB, </li>\r\n<li>Điều khiển ghi hình và Thẻ đánh dấu </li></ul>', '40990000', '37', '6', null, null);
INSERT INTO `sanpham` VALUES ('57', '3', '5', 'Panasonic Lumix DMC-FZ2500', 'Độ phân giải 20 MP, quay phim 4K: DCI 4.096 x 2.160 pixel', '<ul style=\"box-sizing: border-box; margin: 0px; padding: 0px; border: 0px; outline: 0px; vertical-align: baseline; background-image: initial; background-position: initial; background-size: initial; background-repeat: initial; background-attachment: initial; background-origin: initial; background-clip: initial; color: #222222; font-family: Arial, Helvetica, sans-serif;\">\r\n<li style=\"box-sizing: border-box; margin: 0px; padding: 0px; border: 0px; outline: 0px; vertical-align: baseline; background: transparent; text-rendering: geometricPrecision; line-height: 18px;\">Loại m&aacute;y ảnh: ngắm v&agrave; chụp ống k&iacute;nh liền</li>\r\n<li style=\"box-sizing: border-box; margin: 0px; padding: 0px; border: 0px; outline: 0px; vertical-align: baseline; background: transparent; text-rendering: geometricPrecision; line-height: 18px;\">Cảm biến: Live MOS 1 độ ph&acirc;n giải 20 MP</li>\r\n<li style=\"box-sizing: border-box; margin: 0px; padding: 0px; border: 0px; outline: 0px; vertical-align: baseline; background: transparent; text-rendering: geometricPrecision; line-height: 18px;\">Bộ xử l&yacute; h&igrave;nh ảnh: Venus Engine</li>\r\n<li style=\"box-sizing: border-box; margin: 0px; padding: 0px; border: 0px; outline: 0px; vertical-align: baseline; background: transparent; text-rendering: geometricPrecision; line-height: 18px;\">Ống k&iacute;nh: Leica DC Vario-Elmarit 8,8-176mm f/2.8-4.5 ASPH (24-480mm), ổn định h&igrave;nh ảnh 5 trục</li>\r\n<li style=\"box-sizing: border-box; margin: 0px; padding: 0px; border: 0px; outline: 0px; vertical-align: baseline; background: transparent; text-rendering: geometricPrecision; line-height: 18px;\">ISO: 80 - 25.600 (video 125 - 6.400)</li>\r\n<li style=\"box-sizing: border-box; margin: 0px; padding: 0px; border: 0px; outline: 0px; vertical-align: baseline; background: transparent; text-rendering: geometricPrecision; line-height: 18px;\">Chụp li&ecirc;n tiếp: 12 fps (m&agrave;n trập cơ)</li>\r\n<li style=\"box-sizing: border-box; margin: 0px; padding: 0px; border: 0px; outline: 0px; vertical-align: baseline; background: transparent; text-rendering: geometricPrecision; line-height: 18px;\">M&agrave;n h&igrave;nh: 3 độ ph&acirc;n giải 1.04 triệu điểm ảnh, xoay v&agrave; lật đa chiều</li>\r\n<li style=\"box-sizing: border-box; margin: 0px; padding: 0px; border: 0px; outline: 0px; vertical-align: baseline; background: transparent; text-rendering: geometricPrecision; line-height: 18px;\">K&iacute;nh ngắm điện tử: OLED độ ph&acirc;n giải 2,36 triệu điểm ảnh, ph&oacute;ng đại 0.74x</li>\r\n<li style=\"box-sizing: border-box; margin: 0px; padding: 0px; border: 0px; outline: 0px; vertical-align: baseline; background: transparent; text-rendering: geometricPrecision; line-height: 18px;\">Lấy n&eacute;t: DFD, Post Focus, chạm lấy n&eacute;t</li>\r\n<li style=\"box-sizing: border-box; margin: 0px; padding: 0px; border: 0px; outline: 0px; vertical-align: baseline; background: transparent; text-rendering: geometricPrecision; line-height: 18px;\">Quay phim 4K: DCI 4.096 x 2.160 pixel hoặc UHD 3.840 x 2.160 pixel @ 30 fps với 100 Mbps</li>\r\n<li style=\"box-sizing: border-box; margin: 0px; padding: 0px; border: 0px; outline: 0px; vertical-align: baseline; background: transparent; text-rendering: geometricPrecision; line-height: 18px;\">Quay phim Full HD: 100 - 200 Mbps, tuỳ chọn 120 fps</li>\r\n<li style=\"box-sizing: border-box; margin: 0px; padding: 0px; border: 0px; outline: 0px; vertical-align: baseline; background: transparent; text-rendering: geometricPrecision; line-height: 18px;\">Định dạng ảnh: RAW/JPEG</li>\r\n<li style=\"box-sizing: border-box; margin: 0px; padding: 0px; border: 0px; outline: 0px; vertical-align: baseline; background: transparent; text-rendering: geometricPrecision; line-height: 18px;\">Kết nối: W-Fi</li>\r\n<li style=\"box-sizing: border-box; margin: 0px; padding: 0px; border: 0px; outline: 0px; vertical-align: baseline; background: transparent; text-rendering: geometricPrecision; line-height: 18px;\">Giao tiếp: USB, HDMI xuất video 4:2:2 10-bit, micro 3,5mm</li>\r\n<li style=\"box-sizing: border-box; margin: 0px; padding: 0px; border: 0px; outline: 0px; vertical-align: baseline; background: transparent; text-rendering: geometricPrecision; line-height: 18px;\">Thẻ nhớ: SDHC/SDXC UHS-1 speed class 3</li>\r\n<li style=\"box-sizing: border-box; margin: 0px; padding: 0px; border: 0px; outline: 0px; vertical-align: baseline; background: transparent; text-rendering: geometricPrecision; line-height: 18px;\">Pin: 1.200 mAh</li>\r\n<li style=\"box-sizing: border-box; margin: 0px; padding: 0px; border: 0px; outline: 0px; vertical-align: baseline; background: transparent; text-rendering: geometricPrecision; line-height: 18px;\">K&iacute;ch thước: 13.76 x 10.19 x 13.47 cm</li>\r\n<li style=\"box-sizing: border-box; margin: 0px; padding: 0px; border: 0px; outline: 0px; vertical-align: baseline; background: transparent; text-rendering: geometricPrecision; line-height: 18px;\">Trọng lượng: 966 g</li>\r\n</ul>', '19980000', '30', '37', '2017-12-09 19:09:33', null);
INSERT INTO `sanpham` VALUES ('58', '3', '5', 'Panasonic Lumix DMC-GF5', 'Cable kèm theo:Cable USB,Video Out (NTSC/PAL), AV output,HDMI', '<ul>\r\n<li>Megapixel (Số điểm ảnh hiệu dụng):12.1 Megapixel</li>\r\n<li>Độ lớn m&agrave;n h&igrave;nh LCD(inch):3.0 inch</li>\r\n<li>Độ ph&acirc;n giải ảnh lớn nhất:4000 x 3000</li>\r\n<li>Độ d&agrave;i ti&ecirc;u cự (Focal Length):14-42mm</li>\r\n<li>Độ mở ống k&iacute;nh (Aperture):F3.5-5.6</li>\r\n<li>Tốc độ chụp (Shutter Speed):60 - 1/4000 sec</li>\r\n<li>K&iacute;ch thước cảm biến (Sensor size):Four Thirds (17.3 x 13 mm)</li>\r\n<li>Bộ cảm biến h&igrave;nh ảnh (Image Sensor):CMOS</li>\r\n</ul>', '8300000', '40', '23', '2017-12-11 17:49:48', null);
INSERT INTO `sanpham` VALUES ('59', '2', '5', 'Panasonic DMC-LX100', 'Loại thẻ nhớ:Secure Digital Card (SD), màn hình LCD 3.0 inch', '<ul>\r\n<li>Bộ cảm biến h&igrave;nh ảnh (Image Sensor) Four Thirds (17.3 x 13 mm) CMOS</li>\r\n<li>Megapixel (Số điểm ảnh hiệu dụng):13 Megapixel</li>\r\n<li>Độ nhạy s&aacute;ng (ISO) Auto, 200-25600 (expands to 100-25600)</li>\r\n<li>Độ ph&acirc;n giải ảnh lớn nhất:4112 x 3088</li>\r\n<li>Th&ocirc;ng số về Lens</li>\r\n<li>Độ d&agrave;i ti&ecirc;u cự (Focal Length):24&ndash;75 mm</li>\r\n<li>Độ mở ống k&iacute;nh (Aperture):F1.7 - F2.8</li>\r\n<li>Tốc độ chụp (Shutter Speed):60 - 1/16000 sec</li>\r\n<li>Tự động lấy n&eacute;t (AF):C&oacute;</li>\r\n<li>Optical Zoom (Zoom quang):3.1x</li>\r\n<li>Digital Zoom (Zoom số):4.0x</li>\r\n</ul>', '14500000', '30', '2', '2017-12-14 16:26:30', '0');
